<?xml version="1.0" encoding="UTF-8"?>
<beans xmlns="http://www.springframework.org/schema/beans"
	xmlns:xsi="http://www.w3.org/2001/XMLSchema-instance"
	xmlns:context="http://www.springframework.org/schema/context"
	xmlns:mybatis-spring="http://mybatis.org/schema/mybatis-spring"
	xsi:schemaLocation="http://mybatis.org/schema/mybatis-spring http://mybatis.org/schema/mybatis-spring-1.2.xsd
		http://www.springframework.org/schema/beans http://www.springframework.org/schema/beans/spring-beans.xsd
		http://www.springframework.org/schema/context http://www.springframework.org/schema/context/spring-context-4.3.xsd">
	
	<!-- Root Context: defines shared resources visible to all other web components -->
	<bean id="dataSource"
		  class="org.springframework.jdbc.datasource.DriverManagerDataSource">
		  <property name="driverClassName" value="net.sf.log4jdbc.sql.jdbcapi.DriverSpy"></property>
		  <property name="url" value="jdbc:log4jdbc:oracle:thin:@localhost:1521:orcl"></property>
		  <property name="username" value="spring"></property>
		  <property name="password" value="1234"></property>
	</bean>	
	
	<bean id="sqlSessionFactory"
		  class="org.mybatis.spring.SqlSessionFactoryBean">
		  <property name="dataSource" ref="dataSource"></property>
		  <property name="configLocation"  value="classpath:/mybatis-config.xml"></property>
		  <property name="mapperLocations" value="classpath:mappers/**/*Mapper.xml"></property>
	</bean>
	
	<bean id="sqlSession"
		  class="org.mybatis.spring.SqlSessionTemplate" destroy-method="clearCache">
		  <constructor-arg name="sqlSessionFactory" ref="sqlSessionFactory"></constructor-arg>
	</bean>
</beans>
