<?xml version="1.0" encoding="UTF-8"?>
<beans:beans xmlns="http://www.springframework.org/schema/mvc"
	xmlns:xsi="http://www.w3.org/2001/XMLSchema-instance" xmlns:beans="http://www.springframework.org/schema/beans"
	xmlns:context="http://www.springframework.org/schema/context"
	xsi:schemaLocation="http://www.springframework.org/schema/mvc http://www.springframework.org/schema/mvc/spring-mvc.xsd
		http://www.springframework.org/schema/beans http://www.springframework.org/schema/beans/spring-beans.xsd
		http://www.springframework.org/schema/context http://www.springframework.org/schema/context/spring-context.xsd">

	<!-- DispatcherServlet Context: defines this servlet's request-processing 
		infrastructure -->

	<!-- Enables the Spring MVC @Controller programming model -->
	<annotation-driven />

	<!-- Handles HTTP GET requests for /resources/** by efficiently serving 
		up static resources in the ${webappRoot}/resources directory -->
	<resources mapping="/resources/**" 	location="/resources/" />
	<resources mapping="/include/**" 	location="/WEB-INF/views/include/" />
	<resources mapping="/images/**"	location="/WEB-INF/views/images/" />
	<!-- Resolves views selected for rendering by @Controllers to .jsp resources 
		in the /WEB-INF/views directory -->
	<beans:bean
		class="org.springframework.web.servlet.view.InternalResourceViewResolver">
		<beans:property name="prefix" value="/WEB-INF/views/" />
		<beans:property name="suffix" value=".jsp" />
	</beans:bean>
	<!-- 스프링 빈을 태그로 등록하지 않고 자동으로 검색(auto scan) --> 
	<context:component-scan base-package="com.example.spring02" />
	
	<!-- 파일 업로드 관련 설정 -->
	<beans:bean id="multipartResolver"
				class="org.springframework.web.multipart.commons.CommonsMultipartResolver">
			<beans:property name="maxUploadSize" value="10485760"></beans:property>
	</beans:bean>
	
 	<!--  파일 업로드를 위한 디렉토리 설정-->
	<beans:bean id="uploadPath"
				class="java.lang.String">
				<beans:constructor-arg value="d:/upload"/>
	</beans:bean>
	
</beans:beans>

