{
	"rows": [
		{
			"c" : [
			{
				"v" : "귤"
			},
			{
				"v" : 35000
			}
		  ]
		},
		{
			"c" : [
			{
				"v" : "딸기"
			},
			{
				"v" : 15000
			}
		  ]
		},
		{
			"c" : [
			{
				"v" : "레몬"
			},
			{
				"v" : 165000
			}
		  ]
		},
		{
			"c" : [
			{
				"v" : "오렌지"
			},
			{
				"v" : 20000
			}
		  ]
		},
		{
			"c" : [
			{
				"v" : "키위"
			},
			{
				"v" : 30000
			}
		  ]
		},
		{
			"c" : [
			{
				"v" : "포도"
			},
			{
				"v" : 35000
			}
		  ]
		}
	],
	"cols" : [
		{
			"label":"상품명",
			"type":"string"
		},
		{
			"label":"금액",
			"type":"number"
		}
	]
}